{"0":{"title":"Gift Certificate","description":"","labelPlacement":"top_label","descriptionPlacement":"below","button":{"type":"text","text":"Submit","imageUrl":""},"fields":[{"type":"html","id":1,"label":"HTML Block","adminLabel":"","isRequired":false,"size":"medium","errorMessage":"","inputs":null,"displayOnly":true,"labelPlacement":"","descriptionPlacement":"","subLabelPlacement":"","placeholder":"","multipleFiles":false,"maxFiles":"","calculationFormula":"","calculationRounding":"","enableCalculation":"","disableQuantity":false,"displayAllCategories":false,"inputMask":false,"inputMaskValue":"","allowsPrepopulate":false,"content":"<h2>Gift Certificate<\/h2>","formId":1,"description":"","inputType":"","cssClass":"","inputName":"","adminOnly":false,"noDuplicates":false,"defaultValue":"","choices":"","conditionalLogic":""},{"type":"email","id":5,"label":"Your Email Address","adminLabel":"Email Address","isRequired":false,"size":"medium","errorMessage":"","inputs":null,"labelPlacement":"","descriptionPlacement":"","subLabelPlacement":"","placeholder":"","multipleFiles":false,"maxFiles":"","calculationFormula":"","calculationRounding":"","enableCalculation":"","disableQuantity":false,"displayAllCategories":false,"inputMask":false,"inputMaskValue":"","allowsPrepopulate":false,"formId":1,"description":"","inputType":"","cssClass":"","inputName":"","adminOnly":false,"noDuplicates":false,"defaultValue":"","choices":"","conditionalLogic":"","displayOnly":""},{"type":"text","id":2,"label":"Describe your gift here","adminLabel":"Gift Description","isRequired":false,"size":"medium","errorMessage":"","inputs":null,"labelPlacement":"","descriptionPlacement":"","subLabelPlacement":"","placeholder":"","multipleFiles":false,"maxFiles":"","calculationFormula":"","calculationRounding":"","enableCalculation":"","disableQuantity":false,"displayAllCategories":false,"inputMask":false,"inputMaskValue":"","allowsPrepopulate":false,"formId":1,"description":"","inputType":"","cssClass":"","inputName":"","adminOnly":false,"noDuplicates":false,"defaultValue":"","choices":"","conditionalLogic":"","displayOnly":""},{"type":"text","id":3,"label":"Recipient Name","adminLabel":"Recipient Name","isRequired":false,"size":"medium","errorMessage":"","inputs":null,"labelPlacement":"","descriptionPlacement":"","subLabelPlacement":"","placeholder":"","multipleFiles":false,"maxFiles":"","calculationFormula":"","calculationRounding":"","enableCalculation":"","disableQuantity":false,"displayAllCategories":false,"inputMask":false,"inputMaskValue":"","allowsPrepopulate":false,"formId":1,"description":"","inputType":"","cssClass":"","inputName":"","adminOnly":false,"noDuplicates":false,"defaultValue":"","choices":"","conditionalLogic":"","displayOnly":""},{"type":"text","id":4,"label":"Sender Name","adminLabel":"Sender Name","isRequired":false,"size":"medium","errorMessage":"","inputs":null,"labelPlacement":"","descriptionPlacement":"","subLabelPlacement":"","placeholder":"","multipleFiles":false,"maxFiles":"","calculationFormula":"","calculationRounding":"","enableCalculation":"","disableQuantity":false,"displayAllCategories":false,"inputMask":false,"inputMaskValue":"","allowsPrepopulate":false,"formId":1,"description":"","inputType":"","cssClass":"","inputName":"","adminOnly":false,"noDuplicates":false,"defaultValue":"","choices":"","conditionalLogic":"","displayOnly":""},{"type":"captcha","id":6,"label":"Please type in the captcha:","adminLabel":"","isRequired":false,"size":"medium","errorMessage":"","inputs":null,"displayOnly":true,"captchaType":"simple_captcha","labelPlacement":"","descriptionPlacement":"","subLabelPlacement":"","placeholder":"","multipleFiles":false,"maxFiles":"","calculationFormula":"","calculationRounding":"","enableCalculation":"","disableQuantity":false,"displayAllCategories":false,"inputMask":false,"inputMaskValue":"","allowsPrepopulate":false,"formId":1,"description":"","inputType":"","cssClass":"","inputName":"","adminOnly":false,"noDuplicates":false,"defaultValue":"","choices":"","conditionalLogic":""}],"version":"1.9.10.2","id":1,"useCurrentUserAsAuthor":true,"postContentTemplateEnabled":false,"postTitleTemplateEnabled":false,"postTitleTemplate":"","postContentTemplate":"","lastPageButton":null,"pagination":null,"firstPageCssClass":null,"wp4office-gf2excel":{"excel_template_path":"\/wp-content\/blogs.dir\/sites\/1234567\/2015\/06\/sample-form-1.4.xlsx","excel_sheet_index":"2","557d3791d1f49":"1","557d3a0f86866":"1"},"notifications":[{"isActive":true,"id":"557d3791d1f49","name":"Admin Notification","event":"form_submission","to":"{admin_email}","toType":"email","bcc":"","subject":"WP4Office-GF2Excel Gift Certificate","message":"{all_fields}","from":"{Email Address:5}","fromName":"{Sender Name:4}","replyTo":"","routing":null,"conditionalLogic":null,"disableAutoformat":false},{"isActive":true,"id":"557d3a0f86866","name":"User Notification","event":"form_submission","to":"5","toType":"field","bcc":"","subject":"WP4Office-GF2Excel Gift Certificate","message":"This email was sent from http:\/\/wp4office.com\/gf2excel\/demo\r\n\r\nIt should have an excel file attached, which should contain the web form data.\r\n\r\nHave fun!\r\n\r\nYour winball.de team.\r\n\r\n{all_fields}","from":"{Email Address:5}","fromName":"{Sender Name:4}","replyTo":"","routing":null,"conditionalLogic":null,"disableAutoformat":false}],"confirmations":[{"id":"557d3791de360","name":"Default Confirmation","isDefault":true,"type":"message","message":"The form was successfully submitted.\r\n\r\nYou will recieve an email with the Excel file as attachment.\r\n\r\nHave fun!\r\n\r\nYour winball.de team.","url":"","pageId":0,"queryString":"","disableAutoformat":false,"conditionalLogic":[]}],"subLabelPlacement":"below","cssClass":"","enableHoneypot":false,"enableAnimation":false,"save":{"enabled":false,"button":{"type":"link","text":"Save and Continue Later"}},"limitEntries":false,"limitEntriesCount":"","limitEntriesPeriod":"","limitEntriesMessage":"","scheduleForm":false,"scheduleStart":"","scheduleStartHour":"","scheduleStartMinute":"","scheduleStartAmpm":"","scheduleEnd":"","scheduleEndHour":"","scheduleEndMinute":"","scheduleEndAmpm":"","schedulePendingMessage":"","scheduleMessage":"","requireLogin":false,"requireLoginMessage":""},"version":"1.9.10.2"}